{"cameraMode":{"drawMode":0,"name":"Shaded","section":"Shading Mode"},"sceneLighting":true,"audioPlay":false,"sceneViewState":{"showFog":false,"showMaterialUpdate":false,"showSkybox":false,"showFlares":false,"showImageEffects":false,"showParticleSystems":false},"in2DMode":false,"pivot":{"x":1034.302001953125,"y":691.974609375,"z":-22.186506271362306},"rotation":{"x":-0.282771497964859,"y":-0.02819718047976494,"z":0.008316555060446263,"w":-0.9587364792823792},"size":505.8394775390625,"orthographic":false}