{"cameraMode":{"drawMode":0,"name":"Shaded","section":"Shading Mode"},"sceneLighting":true,"audioPlay":false,"sceneViewState":{"showFog":false,"showMaterialUpdate":false,"showSkybox":false,"showFlares":false,"showImageEffects":false,"showParticleSystems":false},"in2DMode":false,"pivot":{"x":1340.255859375,"y":731.0858154296875,"z":99.88037109375},"rotation":{"x":0.011657794006168843,"y":0.07402486354112625,"z":0.0008654626435600221,"w":-0.9971879124641419},"size":694.1201171875,"orthographic":false}