{"cameraMode":{"drawMode":0,"name":"Shaded","section":"Shading Mode"},"sceneLighting":true,"audioPlay":false,"sceneViewState":{"showFog":false,"showMaterialUpdate":false,"showSkybox":false,"showFlares":false,"showImageEffects":false,"showParticleSystems":false},"in2DMode":false,"pivot":{"x":7.152557373046875e-7,"y":-99.93492126464844,"z":6.6918463706970219},"rotation":{"x":-0.09437333792448044,"y":-0.07846649736166,"z":0.007461786735802889,"w":-0.9924115538597107},"size":15.878253936767579,"orthographic":false}