{"cameraMode":{"drawMode":0,"name":"Shaded","section":"Shading Mode"},"sceneLighting":true,"audioPlay":false,"sceneViewState":{"showFog":false,"showMaterialUpdate":false,"showSkybox":false,"showFlares":false,"showImageEffects":false,"showParticleSystems":false},"in2DMode":false,"pivot":{"x":1813.834228515625,"y":562.982421875,"z":-171.5147705078125},"rotation":{"x":-0.1589118391275406,"y":-0.3119010925292969,"z":0.05299745500087738,"w":-0.9352301955223084},"size":1326.0506591796875,"orthographic":false}